service,month,isrc,product,song_name,artist,album,label,file_name,country,total,royality,userid,id
Apple,2023-04-01,INK782201237,,Cloud 9,Amrit Nagra  Abhi!,,Abhi,Apple,CA,0.6,0.1608771378,48,99bbfe94-482b-4d0e-9799-8d5896aa581a
Apple,2023-04-01,INK782201237,,Cloud 9,Amrit Nagra  Abhi!,,Abhi,Apple,CA,0.6,0.3037278732,48,69276d03-33ba-4e95-8438-1c3cc72fec82
Apple,2023-04-01,INK782200406,,Naam Ka Bawaal (Barood Se Itna 2) (feat. Harendra Nagar),Abhishek Sikheda,,Abhishek Sikheda Official,Apple,AU,0.6,0.2178867144,28,2d36eefd-b3e0-4e93-96ab-45cd37267767
Apple,2023-04-01,INK782200707,,Barood Se itna 2 (Naam Ka bawaal Lofi + Reverb),Abhishek Sikheda,,Abhishek Sikheda Official,Apple,CA,0.6,0.140933691,28,4c660c33-4ed4-4f54-9d0d-81d5b7de0709
Apple,2023-04-01,INK782200406,,Naam Ka Bawaal (Barood Se Itna 2) (feat. Harendra Nagar),Abhishek Sikheda,,Abhishek Sikheda Official,Apple,CA,0.6,0.1608771378,28,0b092e0a-8f4c-4dd3-a947-daba7fde842d
Apple,2023-04-01,INK782200406,,Naam Ka Bawaal (Barood Se Itna 2) (feat. Harendra Nagar),Abhishek Sikheda,,Abhishek Sikheda Official,Apple,CA,1.8,0.507027351,28,16d3d811-82c8-4bc4-8752-7edd567a886c
Apple,2023-04-01,INK782200046,,Meerut Ke Yaar,Abhishek Sikheda,,Abhishek Sikheda Official,Apple,CA,0.6,0.3037278732,28,673bb361-10e1-412e-864d-3c78fa4f68dd
Apple,2023-04-01,INK782200406,,Naam Ka Bawaal (Barood Se Itna 2) (feat. Harendra Nagar),Abhishek Sikheda,,Abhishek Sikheda Official,Apple,CA,1.2,0.607455747,28,dadde5b6-0209-4e78-941a-d41d928f950b
Apple,2023-04-01,INK782200542,,Badmashi Ka Trend (feat. Harendra Nagar),Abhishek Sikheda,,Abhishek Sikheda Official,Apple,CA,15.0,7.862201466,28,629b26f9-95d7-4ac3-83e6-767c73619595
Apple,2023-04-01,INK782200707,,Barood Se itna 2 (Naam Ka bawaal Lofi + Reverb),Abhishek Sikheda,,Abhishek Sikheda Official,Apple,HU,0.6,0.2323391754,28,b42d4c8b-aa64-4941-9153-89fb63eafefe
Apple,2023-04-01,INK782200261,,Barood Se Itna 2 Naam Ka bawaal (feat. Harendra Nagar),Abhishek Sikheda,,Abhishek Sikheda Official,Apple,IN,4.8,0.1879798374,28,3335c1cb-471c-4217-af42-fb85856f0ffa
Apple,2023-04-01,INK782200406,,Naam Ka Bawaal (Barood Se Itna 2) (feat. Harendra Nagar),Abhishek Sikheda,,Abhishek Sikheda Official,Apple,IN,1.8,0.0704924394,28,5b8f52fe-f169-46a5-b633-5397624f7380
Apple,2023-04-01,INK782200542,,Badmashi Ka Trend (feat. Harendra Nagar),Abhishek Sikheda,,Abhishek Sikheda Official,Apple,IN,9.0,0.3524621958,28,993e7ed1-abd5-422c-b9e2-c0fb8bce6610
Apple,2023-04-01,INK782200707,,Barood Se itna 2 (Naam Ka bawaal Lofi + Reverb),Abhishek Sikheda,,Abhishek Sikheda Official,Apple,IN,0.6,0.0234974796,28,252b657c-1289-4ab6-b4a8-d203026e16e2
Apple,2023-04-01,INK782200261,,Barood Se Itna 2 Naam Ka bawaal (feat. Harendra Nagar),Abhishek Sikheda,,Abhishek Sikheda Official,Apple,IN,0.6,0.0326478588,28,3a7c606b-e60e-4eed-8502-06b44521d960
Apple,2023-04-01,INK782200261,,Barood Se Itna 2 Naam Ka bawaal (feat. Harendra Nagar),Abhishek Sikheda,,Abhishek Sikheda Official,Apple,IN,15.6,0.8488443258,28,fdfb8513-5545-48a3-8281-db7cdd2c2816
Apple,2023-04-01,INK782200406,,Naam Ka Bawaal (Barood Se Itna 2) (feat. Harendra Nagar),Abhishek Sikheda,,Abhishek Sikheda Official,Apple,IN,10.2,0.5550135978,28,b0b6c18c-b341-4bd2-8821-57667ca291ea
Apple,2023-04-01,INK782200406,,Naam Ka Bawaal (Barood Se Itna 2) (feat. Harendra Nagar),Abhishek Sikheda,,Abhishek Sikheda Official,Apple,IN,1.2,0.0652957176,28,c5946586-3d1e-4125-adc2-1fb346cb262c
Apple,2023-04-01,INK782200441,,Barood Se itna 2 Dj Remix (Naam ka bawaal) (Featuring. Harendra Nagar) (feat. Harendra Nagar),Abhishek Sikheda,,Abhishek Sikheda Official,Apple,IN,1.2,0.0652957176,28,a706de16-b132-4546-9b0f-88f8ad055462
Apple,2023-04-01,INK782200441,,Barood Se itna 2 Dj Remix (Naam ka bawaal) (Featuring. Harendra Nagar) (feat. Harendra Nagar),Abhishek Sikheda,,Abhishek Sikheda Official,Apple,IN,1.8,0.0979435758,28,ca91a520-8e82-49c2-9716-268bdd070828
Apple,2023-04-01,INK782200542,,Badmashi Ka Trend (feat. Harendra Nagar),Abhishek Sikheda,,Abhishek Sikheda Official,Apple,IN,9.0,0.4897178802,28,ae874cdd-aa89-4056-9529-1d8d7b1efe76
Apple,2023-04-01,INK782200261,,Barood Se Itna 2 Naam Ka bawaal (feat. Harendra Nagar),Abhishek Sikheda,,Abhishek Sikheda Official,Apple,IN,1.2,0.0721008378,28,3fde0beb-2114-47db-accc-e9a3ba22ccb7
Apple,2023-04-01,INK782201638,,Wajah,Akay Dhariwal  Aakash,,Akay Dhariwal,Apple,CA,1.2,0.3380182338,105,8b4a4c4c-454b-4ed6-a613-ce905bf325cb
Apple,2023-04-01,INK782201678,,Kaam Bhaari,Akay Dhariwal,,Akay Dhariwal,Apple,CA,0.6,0.2131011408,105,29780815-2f26-4a62-91fc-d668f36e700b
Apple,2023-04-01,INK782201637,,Badnaam,Akay Dhariwal  Aakash,,Akay Dhariwal,Apple,CA,0.6,0.2931841284,105,e83b5e31-9eec-419c-ad11-cde8cd29c4ed
Apple,2023-04-01,INK782201638,,Wajah,Akay Dhariwal  Aakash,,Akay Dhariwal,Apple,CH,0.6,0.689999391,105,54236373-857b-4c19-988e-b132123ef31a
Apple,2023-04-01,INK782201638,,Wajah,Akay Dhariwal  Aakash,,Akay Dhariwal,Apple,FI,0.6,0.2936395572,105,ff2742be-7115-4f0d-ba5f-0bcaa54924d5
Apple,2023-04-01,INK782201678,,Kaam Bhaari,Akay Dhariwal,,Akay Dhariwal,Apple,GB,0.6,0.4746474192,105,51a970d8-d6b1-4b41-b59d-68ed62e7bfe2
Apple,2023-04-01,INK782201678,,Kaam Bhaari,Akay Dhariwal,,Akay Dhariwal,Apple,GB,0.6,0.5958716316,105,312e8639-40d0-4f48-8a14-b8c9a6fde39c
Apple,2023-04-01,INK782201638,,Wajah,Akay Dhariwal  Aakash,,Akay Dhariwal,Apple,IN,0.6,0.0723356214,105,a404f44b-8285-4d43-8cb0-d07c8938bffb
Apple,2023-04-01,INK782201678,,Kaam Bhaari,Akay Dhariwal,,Akay Dhariwal,Apple,JP,0.6,0.1013908422,105,edc24879-3ba5-4a60-84af-39c3f9f7c962
Apple,2023-04-01,INK782201678,,Kaam Bhaari,Akay Dhariwal,,Akay Dhariwal,Apple,NZ,0.6,0.1300640028,105,e062339d-4257-4ab4-8423-192f067a49c6
Apple,2023-04-01,INK782201678,,Kaam Bhaari,Akay Dhariwal,,Akay Dhariwal,Apple,SG,0.6,0.2669484366,105,a566fa5a-537c-4511-92b9-83d4ae006a19
Apple,2023-04-01,INK782201641,,Dalli,Akay Dhariwal  Aakash,,Akay Dhariwal,Apple,US,0.6,0.2426716248,105,c6e58226-7f55-4a86-8d04-983046bd2243
Apple,2023-04-01,INK782201678,,Kaam Bhaari,Akay Dhariwal,,Akay Dhariwal,Apple,US,0.6,0.2426716248,105,673d68c4-5c0a-4ae5-9ede-8754c0ebbb85
Apple,2023-04-01,INK782201678,,Kaam Bhaari,Akay Dhariwal,,Akay Dhariwal,Apple,ZA,0.6,0.0947612574,105,ee1206fa-ea37-41c6-aed6-12a2eb9ba758
Apple,2023-04-01,INK782200451,,Pyar Alfaaz,Sukhjinder Alfaaz,,Alap Audios Entertainment,Apple,AU,0.6,0.3410512248,40,f4445c33-2792-4059-9401-aa025be81b78
Apple,2023-04-01,INK782200451,,Pyar Alfaaz,Sukhjinder Alfaaz,,Alap Audios Entertainment,Apple,CA,1.2,0.260161491,40,773b2e0c-8640-4d02-9b61-394be7a10bcc
Apple,2023-04-01,INK782200451,,Pyar Alfaaz,Sukhjinder Alfaaz,,Alap Audios Entertainment,Apple,CA,1.8,0.507027351,40,326357b4-4197-4893-8757-a707e30c638a
Apple,2023-04-01,INK782200488,,Jo Din Aave So Din Jaahi,Bhai Manjit Singh  Bhai Amarjit Singh,,Alap Audios Entertainment,Apple,CA,0.6,0.2718492786,40,65347d77-2322-48b3-9b1d-679847a22e55
Apple,2023-04-01,INK782200451,,Pyar Alfaaz,Sukhjinder Alfaaz,,Alap Audios Entertainment,Apple,CA,3.0,1.5186393666,40,b776ddc5-377e-4cac-bdab-91fd48f8da28
Apple,2023-04-01,INK782200451,,Pyar Alfaaz,Sukhjinder Alfaaz,,Alap Audios Entertainment,Apple,CA,0.6,0.3144880584,40,d26644e0-0734-4802-95df-7bc8ec6cf9a4
Apple,2023-04-01,INK782201365,,Pyar Ho Gaya,Ruhi Behal,,Alap Audios Entertainment,Apple,CA,0.6,1.501169526,40,3f2dcf04-1a83-46d6-bb25-bf5add0e087f
Apple,2023-04-01,INK782201365,,Pyar Ho Gaya,Ruhi Behal,,Alap Audios Entertainment,Apple,GB,0.6,0.4304760222,40,1a95e1f4-64b0-4bc7-be59-f20aa043f377
Apple,2023-04-01,INK782201365,,Pyar Ho Gaya,Ruhi Behal,,Alap Audios Entertainment,Apple,GB,0.6,0.5869228914,40,f0cfda1a-d5d1-47f3-a3db-6b742f3057e8
Apple,2023-04-01,INK782200425,,Channa,Ruhi Behal,,Alap Audios Entertainment,Apple,GB,0.6,0.5958716316,40,ad5ba35d-6083-405a-9d1b-7e23611dc3fc
Apple,2023-04-01,INK782201365,,Pyar Ho Gaya,Ruhi Behal,,Alap Audios Entertainment,Apple,GB,4.8,4.7669730522,40,46ae01d5-5a71-4a4f-b6bd-5c91e7320e6e
Apple,2023-04-01,INK782200451,,Pyar Alfaaz,Sukhjinder Alfaaz,,Alap Audios Entertainment,Apple,IN,1.2,0.0652957176,40,c6ce7436-377c-4f5d-bdd6-6511b00967d6
Apple,2023-04-01,INK782200451,,Pyar Alfaaz,Sukhjinder Alfaaz,,Alap Audios Entertainment,Apple,IN,4.8,0.2611828692,40,72058ac5-b414-4803-ab1c-46296afec2d1
Apple,2023-04-01,INK782200451,,Pyar Alfaaz,Sukhjinder Alfaaz,,Alap Audios Entertainment,Apple,IN,3.0,0.2875302642,40,563d9978-0d07-4929-8fcc-f2e0dab3b3db
Apple,2023-04-01,INK782200451,,Pyar Alfaaz,Sukhjinder Alfaaz,,Alap Audios Entertainment,Apple,IN,4.2,0.40254237,40,68f379f3-db32-4c6d-9d40-7b4a7df7c25c
Apple,2023-04-01,INK782200451,,Pyar Alfaaz,Sukhjinder Alfaaz,,Alap Audios Entertainment,Apple,IN,2.4,0.2318653296,40,f473e57c-8035-4f55-8f9a-e8cbe148f956
Apple,2023-04-01,INK782201365,,Pyar Ho Gaya,Ruhi Behal,,Alap Audios Entertainment,Apple,IN,0.6,0.0579663324,40,825d0238-fd93-40a3-98fd-e1e3fca2eed5
Apple,2023-04-01,INK782200451,,Pyar Alfaaz,Sukhjinder Alfaaz,,Alap Audios Entertainment,Apple,IN,0.6,0.0624556068,40,62f67f61-b71a-4e6a-b5b6-51f9a1dbf013
Apple,2023-04-01,INK782201365,,Pyar Ho Gaya,Ruhi Behal,,Alap Audios Entertainment,Apple,US,0.6,0.1392929226,40,3eb07c1d-d29c-4b46-bdab-011a9cc48908
Apple,2023-04-01,INK782200488,,Jo Din Aave So Din Jaahi,Bhai Manjit Singh  Bhai Amarjit Singh,,Alap Audios Entertainment,Apple,US,0.6,0.2426716248,40,60de5aa8-ee0e-4608-bbea-c4b1a954c401
Apple,2023-04-01,INK782200460,,Jaat,Addy B.,,Aman Digital,Apple,CA,3.0,0.6504037278,39,2940da80-2a6b-4989-91e2-dbd80fc7e4b2
Apple,2023-04-01,INK782200460,,Jaat,Addy B.,,Aman Digital,Apple,CA,1.8,0.6393034218,39,239cf5bf-01fc-4b74-af52-8f078f6cee8b
Apple,2023-04-01,INK782200460,,Jaat,Addy B.,,Aman Digital,Apple,CA,0.6,0.3037278732,39,82a5eb1e-d480-4a55-be0a-ccce8ed23230
Apple,2023-04-01,INK782200460,,Jaat,Addy B.,,Aman Digital,Apple,CA,1.2,0.607455747,39,8d2262bf-6f92-4e66-91c3-90af16c68b5a
Apple,2023-04-01,INK782200460,,Jaat,Addy B.,,Aman Digital,Apple,ES,0.6,0.319628553,39,aab9419b-4caf-4f56-b8e1-a5898e6f1e57
Apple,2023-04-01,INK782200460,,Jaat,Addy B.,,Aman Digital,Apple,IN,49.8,1.9502908152,39,03c97bf0-2623-4b62-b1f3-d549e2df82cb
Apple,2023-04-01,INK782200460,,Jaat,Addy B.,,Aman Digital,Apple,IN,3.0,0.1174873986,39,a6d45124-3ab6-4c7c-9d54-396cc5108060
Apple,2023-04-01,INK782200460,,Jaat,Addy B.,,Aman Digital,Apple,IN,1.8,0.0979435758,39,2f3783fa-181b-492e-9160-080484b7f46a
Apple,2023-04-01,INK782200460,,Jaat,Addy B.,,Aman Digital,Apple,IN,33.6,1.8282800862,39,f16a99eb-6577-4985-b5ed-475a962c3077
Apple,2023-04-01,INK782200460,,Jaat,Addy B.,,Aman Digital,Apple,IN,1.2,0.0721008378,39,38245c2e-c16c-4cc5-b1fe-9cffd730c870
Apple,2023-04-01,INK782200460,,Jaat,Addy B.,,Aman Digital,Apple,IN,14.4,1.158195558,39,08aaa6c1-dc63-4c3a-a003-8f91eae9cfd9
Apple,2023-04-01,INK782200460,,Jaat,Addy B.,,Aman Digital,Apple,IN,9.6,0.9157128372,39,4b5d085f-3ac7-431e-bbf4-197882778e45
Apple,2023-04-01,INK782200460,,Jaat,Addy B.,,Aman Digital,Apple,IN,9.0,0.8625907926,39,e7f7c4de-1bbe-4f3d-b6a0-711a4e10fac6
Apple,2023-04-01,INK782201397,,Titli,Sumit Ghanghas,,Aman Digital,Apple,IN,1.2,0.1150121058,39,aad07fa6-2fd3-4ef2-8fad-ac60df437209
Apple,2023-04-01,INK782200460,,Jaat,Addy B.,,Aman Digital,Apple,IN,76.2,7.361724216,39,c3cccbed-1d30-40b2-b8e3-0758c128b73a
Apple,2023-04-01,INK782200460,,Jaat,Addy B.,,Aman Digital,Apple,IN,16.8,1.6230573078,39,cdada8e6-e539-457f-bec2-725267601d06
Apple,2023-04-01,INK782200460,,Jaat,Addy B.,,Aman Digital,Apple,IN,7.8,0.8119228848,39,8be6beb0-259d-4ad4-88b7-6ee4701124bb
Apple,2023-04-01,INK782200460,,Jaat,Addy B.,,Aman Digital,Apple,IN,10.8,1.3020411876,39,5e35fa7f-a585-4eb3-8796-a7a366eb5275
Apple,2023-04-01,INK782200460,,Jaat,Addy B.,,Aman Digital,Apple,NZ,0.6,0.4018346778,39,5e42b6a0-9eb3-4a4b-95c4-4674704a33aa
Apple,2023-04-01,INK782201008,,Gebi Shab Teri Aarti Gau (feat . Vikas Roopgarh) (feat. Vikas Roopgarh),Manjeet Ridhal,,Andy Roopgarhiye,Apple,AU,0.6,0.1615383096,77,22b25060-1575-4950-8ca3-6feffbde354d
Apple,2023-04-01,INK782201008,,Gebi Shab Teri Aarti Gau (feat . Vikas Roopgarh) (feat. Vikas Roopgarh),Manjeet Ridhal,,Andy Roopgarhiye,Apple,AU,0.6,0.1783705596,77,6b7a4790-4ef8-4ec9-8397-3946e4e54732
Apple,2023-04-01,INK782201008,,Gebi Shab Teri Aarti Gau (feat . Vikas Roopgarh) (feat. Vikas Roopgarh),Manjeet Ridhal,,Andy Roopgarhiye,Apple,AU,0.6,0.2178867144,77,2d09cf6c-efc7-4f79-8240-fdec25262928
Apple,2023-04-01,INK782201065,,Gebi Shab roopgarh aala,Surender Romio,,Andy Roopgarhiye,Apple,AU,1.2,0.4357734288,77,5a0db095-00fe-4156-9136-0541b522c22f
Apple,2023-04-01,INK782201008,,Gebi Shab Teri Aarti Gau (feat . Vikas Roopgarh) (feat. Vikas Roopgarh),Manjeet Ridhal,,Andy Roopgarhiye,Apple,AU,1.2,0.682102449,77,5f212916-9f00-41dd-a78b-43e2e7d4f9cd
Apple,2023-04-01,INK782201008,,Gebi Shab Teri Aarti Gau (feat . Vikas Roopgarh) (feat. Vikas Roopgarh),Manjeet Ridhal,,Andy Roopgarhiye,Apple,CA,0.6,0.150735354,77,2f277eb5-0ca4-4b1d-ba95-cd69314243aa
Apple,2023-04-01,INK782201008,,Gebi Shab Teri Aarti Gau (feat . Vikas Roopgarh) (feat. Vikas Roopgarh),Manjeet Ridhal,,Andy Roopgarhiye,Apple,GB,0.6,0.5958716316,77,6b3ecba7-6af6-4582-b6a8-3ed4ce751f20
Apple,2023-04-01,INK782201008,,Gebi Shab Teri Aarti Gau (feat . Vikas Roopgarh) (feat. Vikas Roopgarh),Manjeet Ridhal,,Andy Roopgarhiye,Apple,IN,0.6,0.0234974796,77,40213c66-e6f5-42b8-8980-299b890cb8fa
Apple,2023-04-01,INK782201008,,Gebi Shab Teri Aarti Gau (feat . Vikas Roopgarh) (feat. Vikas Roopgarh),Manjeet Ridhal,,Andy Roopgarhiye,Apple,IN,4.8,0.2611828692,77,dd1189d8-215e-4610-97f1-865bfc2bb109
Apple,2023-04-01,INK782201008,,Gebi Shab Teri Aarti Gau (feat . Vikas Roopgarh) (feat. Vikas Roopgarh),Manjeet Ridhal,,Andy Roopgarhiye,Apple,IN,1.2,0.0721008378,77,153e4ab8-2a8a-4464-bd1a-996b79edd99f
Apple,2023-04-01,INK782201008,,Gebi Shab Teri Aarti Gau (feat . Vikas Roopgarh) (feat. Vikas Roopgarh),Manjeet Ridhal,,Andy Roopgarhiye,Apple,IN,3.0,0.241290741,77,4d16e60c-ed94-4cc9-9977-2cd7f5c875de
Apple,2023-04-01,INK782201008,,Gebi Shab Teri Aarti Gau (feat . Vikas Roopgarh) (feat. Vikas Roopgarh),Manjeet Ridhal,,Andy Roopgarhiye,Apple,IN,16.8,1.6101694794,77,7bb97ae3-6731-4f04-85b1-6747182d8773
Apple,2023-04-01,INK782201008,,Gebi Shab Teri Aarti Gau (feat . Vikas Roopgarh) (feat. Vikas Roopgarh),Manjeet Ridhal,,Andy Roopgarhiye,Apple,IN,7.8,0.7535623218,77,43b0eb00-66b7-4f58-99ce-995e067a58cb
Apple,2023-04-01,INK782201135,,Gebi Shab,Surender Romio,,Andy Roopgarhiye,Apple,IN,0.6,0.0579663324,77,33421de7-91a6-419b-9ef4-d8207b9958a4
Apple,2023-04-01,INK782201008,,Gebi Shab Teri Aarti Gau (feat . Vikas Roopgarh) (feat. Vikas Roopgarh),Manjeet Ridhal,,Andy Roopgarhiye,Apple,IN,4.2,0.5063493504,77,d9147092-1317-4ab4-8846-005852ed3da6
Apple,2023-04-01,INK782200790,,Swarg Ki Hoor (feat. Ankit Sadullapur  Sourabh Kapasiya),Harendra Nagar,,Ankit Gujjar Sadullapur,Apple,GB,1.8,1.700052513,63,b2d4c8a2-89d1-4355-a538-0ac61db0d724
Apple,2023-04-01,INK782200790,,Swarg Ki Hoor (feat. Ankit Sadullapur  Sourabh Kapasiya),Harendra Nagar,,Ankit Gujjar Sadullapur,Apple,GB,0.6,0.5958716316,63,cb7df96a-9aaf-4ee2-ad9e-d8d2ff551d01
Apple,2023-04-01,INK782201080,,Gujjar Ka Yudh (feat. Ankit Gujjar Sadullapur),Mahesh Nagar,,Ankit Gujjar Sadullapur,Apple,IN,4.8,0.1879798374,63,8057ab9d-23aa-4e5e-ad48-64154418eacb
Apple,2023-04-01,INK782201080,,Gujjar Ka Yudh (feat. Ankit Gujjar Sadullapur),Mahesh Nagar,,Ankit Gujjar Sadullapur,Apple,IN,18.6,1.0120836192,63,75cf4a45-7738-4c74-a2c0-7e7db29d170f
Apple,2023-04-01,INK782201080,,Gujjar Ka Yudh (feat. Ankit Gujjar Sadullapur),Mahesh Nagar,,Ankit Gujjar Sadullapur,Apple,IN,1.2,0.0652957176,63,28c2404c-b57d-4b45-af1a-ecfdc05d44c0
Apple,2023-04-01,INK782201080,,Gujjar Ka Yudh (feat. Ankit Gujjar Sadullapur),Mahesh Nagar,,Ankit Gujjar Sadullapur,Apple,IN,0.6,0.0360504186,63,962f7ffc-a289-4fe0-9fb6-61ad147499f4
Apple,2023-04-01,INK782201080,,Gujjar Ka Yudh (feat. Ankit Gujjar Sadullapur),Mahesh Nagar,,Ankit Gujjar Sadullapur,Apple,IN,0.6,0.0426496518,63,7fe176d6-fdf2-4c2f-bc86-d5c6474d0f69
Apple,2023-04-01,INK782201080,,Gujjar Ka Yudh (feat. Ankit Gujjar Sadullapur),Mahesh Nagar,,Ankit Gujjar Sadullapur,Apple,IN,2.4,0.1930325928,63,7f50a0bc-4aef-4ff3-a542-4a362de35f98
Apple,2023-04-01,INK782201080,,Gujjar Ka Yudh (feat. Ankit Gujjar Sadullapur),Mahesh Nagar,,Ankit Gujjar Sadullapur,Apple,IN,4.8,0.4578564186,63,0b16089f-6596-48b2-9d87-c679168a63fd
Apple,2023-04-01,INK782201080,,Gujjar Ka Yudh (feat. Ankit Gujjar Sadullapur),Mahesh Nagar,,Ankit Gujjar Sadullapur,Apple,IN,42.0,4.0254236982,63,40e14564-6c4c-466d-b6ab-d336758078f2
Apple,2023-04-01,INK782201080,,Gujjar Ka Yudh (feat. Ankit Gujjar Sadullapur),Mahesh Nagar,,Ankit Gujjar Sadullapur,Apple,IN,0.6,0.0575060526,63,1f554bf9-7fa8-4731-8a98-59e79ae3ad07
Apple,2023-04-01,INK782201080,,Gujjar Ka Yudh (feat. Ankit Gujjar Sadullapur),Mahesh Nagar,,Ankit Gujjar Sadullapur,Apple,IN,13.8,1.3332256458,63,f0e24fd1-20eb-4bd2-8d7e-13d19abee7a5
Apple,2023-04-01,INK782201080,,Gujjar Ka Yudh (feat. Ankit Gujjar Sadullapur),Mahesh Nagar,,Ankit Gujjar Sadullapur,Apple,IN,1.8,0.1738989972,63,f131636b-b047-4f9b-a6b9-defd0b34e669
Apple,2023-04-01,INK782201080,,Gujjar Ka Yudh (feat. Ankit Gujjar Sadullapur),Mahesh Nagar,,Ankit Gujjar Sadullapur,Apple,IN,0.6,0.0624556068,63,43aa91b4-0438-4711-b8c5-9c1f4da7c7a9
Apple,2023-04-01,INK782201080,,Gujjar Ka Yudh (feat. Ankit Gujjar Sadullapur),Mahesh Nagar,,Ankit Gujjar Sadullapur,Apple,IN,1.2,0.1446712428,63,80dab4ee-f2a0-44c7-8139-6156d9436151
Apple,2023-04-01,INK782201024,,Mera Ala Baman,Raju Haryanvi  Neha Sharma,,Ankit X Sawan Team,Apple,CA,0.6,0.1300807458,78,247c9ce7-be29-414b-9573-011d6c23fa4a
Apple,2023-04-01,INK782201202,,Chora Baman Ka,Vishnu Namunda  Batta Ala Sawan  Ankit Budsamiya,,Ankit X Sawan Team,Apple,CA,1.8,0.3902422368,78,d09dfdde-d47b-4880-af88-6059dd15c49f
Apple,2023-04-01,INK782201064,,Rawan Raj,Batta Ala Sawan  Ankit Budsamiya,,Ankit X Sawan Team,Apple,FR,0.6,0.3034756704,78,d523aecf-2e9f-457f-ab29-a39d884ee9f9
Apple,2023-04-01,INK782201186,,Rajput Kaum,Harsh Karnal  Deep Rajput  Aman Rajput,,Ankit X Sawan Team,Apple,IN,1.8,0.0704924394,78,218cd9b5-8343-4b9f-b276-e9892f507db1
Apple,2023-04-01,INK782201229,,Jai Jai Parshuram,Vishnu Namunda  Batta Ala Sawan  Ankit Budsamiya,,Ankit X Sawan Team,Apple,IN,0.6,0.0234974796,78,5d5bbaec-2248-496d-903f-a48da269059d
Apple,2023-04-01,INK782201272,,Na Karo Ignore,Shera Baman  Laddi Pandat,,Ankit X Sawan Team,Apple,IN,2.4,0.093989919,78,6e0aca7c-987a-4b11-88ff-a02248fd6dc2
Apple,2023-04-01,INK782201064,,Rawan Raj,Batta Ala Sawan  Ankit Budsamiya,,Ankit X Sawan Team,Apple,IN,0.6,0.0326478588,78,2c788872-81f9-4ff6-9310-a6766c6bd4f6
Apple,2023-04-01,INK782201064,,Rawan Raj,Batta Ala Sawan  Ankit Budsamiya,,Ankit X Sawan Team,Apple,IN,1.2,0.0652957176,78,ffa79a89-859c-4397-868e-42ce4477f4c3
Apple,2023-04-01,INK782201102,,Brahman Brand,Ankit Budsamiya Batta Ala Sawan,,Ankit X Sawan Team,Apple,IN,4.8,0.3860651862,78,2b5b9d8c-59fb-4d1d-930d-208afe8005d5
Apple,2023-04-01,INK782201186,,Rajput Kaum,Harsh Karnal  Deep Rajput  Aman Rajput,,Ankit X Sawan Team,Apple,IN,0.6,0.0482581482,78,c63c9d17-85c6-4a73-b971-b19f0f975296
Apple,2023-04-01,INK782201186,,Rajput Kaum,Harsh Karnal  Deep Rajput  Aman Rajput,,Ankit X Sawan Team,Apple,IN,0.6,0.0575060526,78,8da56e91-ed03-47c4-8b33-122b3968575e
Apple,2023-04-01,INK782201229,,Jai Jai Parshuram,Vishnu Namunda  Batta Ala Sawan  Ankit Budsamiya,,Ankit X Sawan Team,Apple,IN,6.0,0.5750605284,78,8071fc43-db0a-4cb1-8491-f29ab5ea6239
Apple,2023-04-01,INK782201250,,Baman Ki Barat,RDX,,Ankit X Sawan Team,Apple,US,0.6,0.11526165,78,a3beff70-ed0f-4eab-a567-a6eb9ded1349
Apple,2023-04-01,INK782201250,,Baman Ki Barat,RDX,,Ankit X Sawan Team,Apple,US,0.6,0.2426716248,78,fcd0cbf9-615c-472b-a026-bb0d8a71eca3
Apple,2023-04-01,INK782201146,,Lori Sunaye Gora Maiya (Dj Remix),Shahnaz Akhtar,,Bhakti Mala,Apple,US,0.6,0.2632235232,63,36f4d0c2-dc42-4ac1-bf79-42299e277f77
Apple,2023-04-01,INK782200398,,JOOTHA DHONG (feat. Raj Mawar),Chaudhary Rajdeep,,Chaudhary Rajdeep official,Apple,AU,1.2,0.4357734288,39,b8dbaa9e-2fb9-49c2-b61a-0cbf8a34052a
Apple,2023-04-01,INK782200384,,Bamboo Kaat (feat. Ral Mawar),Chaudhary Rajdeep,,Chaudhary Rajdeep official,Apple,AU,0.6,0.3410512248,39,f05f4aac-46a9-4a87-9116-4182b6cd05ba
Apple,2023-04-01,INK782200398,,JOOTHA DHONG (feat. Raj Mawar),Chaudhary Rajdeep,,Chaudhary Rajdeep official,Apple,AU,1.2,0.682102449,39,58309801-8cfb-4962-9d1d-cb0fe0623c5d
Apple,2023-04-01,INK782200371,,JAAT MEHAR SINGH VS BOB MARLEY (feat. Raj Mawar),Chaudhary Rajdeep,,Chaudhary Rajdeep official,Apple,CA,0.6,0.1300807458,39,864efa3c-028c-4217-b962-68d00caff74f
Apple,2023-04-01,INK782200371,,JAAT MEHAR SINGH VS BOB MARLEY (feat. Raj Mawar),Chaudhary Rajdeep,,Chaudhary Rajdeep official,Apple,CA,0.6,0.1608771378,39,a3f68620-22d8-46be-abc4-c96480c8afc6
Apple,2023-04-01,INK782200384,,Bamboo Kaat (feat. Ral Mawar),Chaudhary Rajdeep,,Chaudhary Rajdeep official,Apple,CA,0.6,0.2718492786,39,f6eed4a6-8972-4d0a-b8ed-149642af78c7
Apple,2023-04-01,INK782200371,,JAAT MEHAR SINGH VS BOB MARLEY (feat. Raj Mawar),Chaudhary Rajdeep,,Chaudhary Rajdeep official,Apple,GB,0.6,0.5958716316,39,5efc36bb-a68e-49df-bd5d-ca99213c42ea
Apple,2023-04-01,INK782200371,,JAAT MEHAR SINGH VS BOB MARLEY (feat. Raj Mawar),Chaudhary Rajdeep,,Chaudhary Rajdeep official,Apple,IN,1.2,0.0469949592,39,47d676d0-77db-4c24-86df-f5db62a971d1
Apple,2023-04-01,INK782200371,,JAAT MEHAR SINGH VS BOB MARLEY (feat. Raj Mawar),Chaudhary Rajdeep,,Chaudhary Rajdeep official,Apple,IN,6.0,0.3264785868,39,cfc8279b-7dc7-4992-a06f-1cd50dda88b5
Apple,2023-04-01,INK782200371,,JAAT MEHAR SINGH VS BOB MARLEY (feat. Raj Mawar),Chaudhary Rajdeep,,Chaudhary Rajdeep official,Apple,IN,5.4,0.4343233344,39,a4c6f2f3-d796-42a7-80ad-39af7868da83
Apple,2023-04-01,INK782200371,,JAAT MEHAR SINGH VS BOB MARLEY (feat. Raj Mawar),Chaudhary Rajdeep,,Chaudhary Rajdeep official,Apple,IN,1.2,0.1046165982,39,55c38593-9abf-4987-aacd-632f902ed878
Apple,2023-04-01,INK782200371,,JAAT MEHAR SINGH VS BOB MARLEY (feat. Raj Mawar),Chaudhary Rajdeep,,Chaudhary Rajdeep official,Apple,IN,1.8,0.1716961572,39,8ed37e6f-f773-4f74-80eb-b3a4d32076a1
Apple,2023-04-01,INK782200371,,JAAT MEHAR SINGH VS BOB MARLEY (feat. Raj Mawar),Chaudhary Rajdeep,,Chaudhary Rajdeep official,Apple,IN,18.6,1.7826876378,39,c4d786b6-35d0-431e-b79c-3281b4058ec3
Apple,2023-04-01,INK782200371,,JAAT MEHAR SINGH VS BOB MARLEY (feat. Raj Mawar),Chaudhary Rajdeep,,Chaudhary Rajdeep official,Apple,IN,0.6,0.0575060526,39,3070f297-c29a-4285-917f-c2cc90ec6837
Apple,2023-04-01,INK782200371,,JAAT MEHAR SINGH VS BOB MARLEY (feat. Raj Mawar),Chaudhary Rajdeep,,Chaudhary Rajdeep official,Apple,IN,11.4,1.1013603162,39,67ea79b1-238b-42e8-b727-38b04effdf94
Apple,2023-04-01,INK782200371,,JAAT MEHAR SINGH VS BOB MARLEY (feat. Raj Mawar),Chaudhary Rajdeep,,Chaudhary Rajdeep official,Apple,IN,1.2,0.1446712428,39,30463f75-3a6f-481a-b9a3-3aad49295410
Apple,2023-04-01,INK782200371,,JAAT MEHAR SINGH VS BOB MARLEY (feat. Raj Mawar),Chaudhary Rajdeep,,Chaudhary Rajdeep official,Apple,NZ,0.6,0.2699277942,39,8aa314b9-c7e7-4fe5-b86a-56b88245bd94
Apple,2023-04-01,INK782200371,,JAAT MEHAR SINGH VS BOB MARLEY (feat. Raj Mawar),Chaudhary Rajdeep,,Chaudhary Rajdeep official,Apple,US,0.6,0.1489644042,39,6a67a5cf-74de-4f88-b206-64fed37f8856
Apple,2023-04-01,INK782201032,,Baba Bolege Jaikara Tera Parwat Chadh Ke,Dc Sharma Salempuriya,,Dc Sharma Salempuriya,Apple,IN,0.6,0.0482581482,79,41479111-e5fd-4cc4-8a0e-5e61f7f16d01
Apple,2023-04-01,INK782200402,,Much Love,U.K. Haryanvi,,Desi feel,Apple,CA,1.2,0.3380182338,43,23118271-472d-474d-8e41-c139ad5f153a
Apple,2023-04-01,INK782201245,,Saah,A Jay,,Dhakad Records,Apple,AE,0.6,0.2974699518,17,c304749f-3d40-43d3-8a2e-3a2ad5711b54
Apple,2023-04-01,INK782200477,,Bhand (feat. Ron Likhari),Miki Malang,,Dhakad Records,Apple,AU,0.6,0.1276639896,17,068c4cc1-7ad6-4b4e-a71c-537c19841e4a
Apple,2023-04-01,INK782200025,,Splendor (feat. Sahil Frain Ala),Senu Bhiwani Ala,,Dhakad Records,Apple,AU,0.6,0.1783705596,17,ec2de516-73eb-4037-9e19-63b01b799352
Apple,2023-04-01,INK782200477,,Bhand (feat. Ron Likhari),Miki Malang,,Dhakad Records,Apple,AU,1.8,0.6536601432,17,39839b89-cdb5-4198-9bf5-b52ac2412d4a
Apple,2023-04-01,INK782200025,,Splendor (feat. Sahil Frain Ala),Senu Bhiwani Ala,,Dhakad Records,Apple,AU,0.6,0.2668680954,17,3dfa1539-31e0-41ca-aa33-867a27abef22
Apple,2023-04-01,INK782200477,,Bhand (feat. Ron Likhari),Miki Malang,,Dhakad Records,Apple,AU,1.2,0.5337361908,17,c8a6b6da-20a4-41b2-9e57-cdb16b6f71e8
Apple,2023-04-01,INK782200477,,Bhand (feat. Ron Likhari),Miki Malang,,Dhakad Records,Apple,AU,1.2,0.682102449,17,018a3181-71c6-48bc-bfa9-ba83cae05cf1
Apple,2023-04-01,INK782200477,,Bhand (feat. Ron Likhari),Miki Malang,,Dhakad Records,Apple,CA,16.8,3.6422608746,17,f5434ede-8717-4ccb-ba1c-07c8cc4a6ac3
Apple,2023-04-01,INK782200477,,Bhand (feat. Ron Likhari),Miki Malang,,Dhakad Records,Apple,CA,0.6,0.140933691,17,4fe93a21-c419-4bb6-86c4-a4ed9803254c
Apple,2023-04-01,INK782200477,,Bhand (feat. Ron Likhari),Miki Malang,,Dhakad Records,Apple,CA,1.8,0.422801073,17,b68a3434-e4b2-48ac-9b96-341126556882
Apple,2023-04-01,INK782200025,,Splendor (feat. Sahil Frain Ala),Senu Bhiwani Ala,,Dhakad Records,Apple,CA,0.6,0.1690091172,17,7eb22a50-d06b-4b22-82dd-e999589299fe
Apple,2023-04-01,INK782200477,,Bhand (feat. Ron Likhari),Miki Malang,,Dhakad Records,Apple,CA,1.2,0.3380182338,17,93c2f9f1-187a-46a4-8509-cb9147ef4cf0
Apple,2023-04-01,INK782200477,,Bhand (feat. Ron Likhari),Miki Malang,,Dhakad Records,Apple,CA,1.8,0.6393034218,17,ff7b4260-efde-421d-8637-6a2ba2ac4cba
Apple,2023-04-01,INK782200025,,Splendor (feat. Sahil Frain Ala),Senu Bhiwani Ala,,Dhakad Records,Apple,CA,1.2,0.607455747,17,88b8939f-35ee-499d-bfc3-8f4dbffea553
Apple,2023-04-01,INK782200025,,Splendor (feat. Sahil Frain Ala),Senu Bhiwani Ala,,Dhakad Records,Apple,CA,1.8,0.9111836202,17,87e16fba-d99e-4b61-bcb2-a21462e3007d
Apple,2023-04-01,INK782200477,,Bhand (feat. Ron Likhari),Miki Malang,,Dhakad Records,Apple,CA,7.8,3.948462354,17,00b7a132-41ab-439e-a481-0e23cd924b1f
Apple,2023-04-01,INK782200490,,VISHKANYA (feat. Babbal Ramrai Ala   Jatin Sain),Sahil Frain Ala,,Dhakad Records,Apple,CA,0.6,0.3037278732,17,1a7fe7f0-e575-4781-ba16-9e3699c9a7a8
Apple,2023-04-01,INK782201245,,Saah,A Jay,,Dhakad Records,Apple,GB,0.6,0.259721574,17,e19a58c6-29a2-4444-9382-e12bff79afbd
Apple,2023-04-01,INK782200477,,Bhand (feat. Ron Likhari),Miki Malang,,Dhakad Records,Apple,GB,0.6,0.266537184,17,bccbc15b-4512-41c3-bc86-37647c602693
Apple,2023-04-01,INK782200018,,Jail,Divesh Khatana,,Dhakad Records,Apple,IN,0.6,0.0234974796,17,eb3c0634-bda6-4ee4-a37e-da2d8307df49
Apple,2023-04-01,INK782200025,,Splendor (feat. Sahil Frain Ala),Senu Bhiwani Ala,,Dhakad Records,Apple,IN,40.8,1.59782862,17,314cc71d-e9e2-42b2-8783-82956a718d8f
Apple,2023-04-01,INK782200025,,Splendor (feat. Sahil Frain Ala),Senu Bhiwani Ala,,Dhakad Records,Apple,IN,0.6,0.0234974796,17,9190b705-da25-422c-9e5a-5f03fdb48801
Apple,2023-04-01,INK782200477,,Bhand (feat. Ron Likhari),Miki Malang,,Dhakad Records,Apple,IN,22.2,0.8694067488,17,d33b9073-7a78-4f02-98a1-4350170ff07c
Apple,2023-04-01,INK782200025,,Splendor (feat. Sahil Frain Ala),Senu Bhiwani Ala,,Dhakad Records,Apple,IN,37.8,2.0568150966,17,acc98a90-2491-4238-9276-210acb019575
Apple,2023-04-01,INK782200025,,Splendor (feat. Sahil Frain Ala),Senu Bhiwani Ala,,Dhakad Records,Apple,IN,4.2,0.228535011,17,61ee42e7-cc7b-447a-abc0-3ee590cfde71
Apple,2023-04-01,INK782200477,,Bhand (feat. Ron Likhari),Miki Malang,,Dhakad Records,Apple,IN,44.4,2.4159415422,17,0d5e96f7-fe9d-462e-8ec0-8899938a35dc
Apple,2023-04-01,INK782200732,,Pehla Tanki Kari Full,Senu Bhiwani Ala  Sahil Frain Ala,,Dhakad Records,Apple,IN,3.0,0.1632392934,17,32ecdf05-6a59-44d8-89e2-21c65e52965b
Apple,2023-04-01,INK782201337,,Cctv,Senu Bhiwani Ala  Sahil Frain Ala,,Dhakad Records,Apple,IN,1.8,0.0979435758,17,73e8e0ca-602e-4ca4-bbce-3c53aa7518d0
Apple,2023-04-01,INK782200025,,Splendor (feat. Sahil Frain Ala),Senu Bhiwani Ala,,Dhakad Records,Apple,IN,1.2,0.0721008378,17,38c17be6-fcd0-4548-9e1c-363414dc80c6
Apple,2023-04-01,INK782200477,,Bhand (feat. Ron Likhari),Miki Malang,,Dhakad Records,Apple,IN,2.4,0.144201675,17,1cbefed6-93be-417f-84bb-75749aa0c983
Apple,2023-04-01,INK782200025,,Splendor (feat. Sahil Frain Ala),Senu Bhiwani Ala,,Dhakad Records,Apple,IN,7.8,0.6273559272,17,3b9f38ac-23bb-4124-8e04-6f1b55fb1a95
Apple,2023-04-01,INK782200477,,Bhand (feat. Ron Likhari),Miki Malang,,Dhakad Records,Apple,IN,0.6,0.0482581482,17,b0a130cc-a833-4324-a903-2bea0670c742
Apple,2023-04-01,INK782200477,,Bhand (feat. Ron Likhari),Miki Malang,,Dhakad Records,Apple,IN,19.2,1.5442607436,17,72f4ed1c-9482-4f68-bac0-062bceba8db3
Apple,2023-04-01,INK782200025,,Splendor (feat. Sahil Frain Ala),Senu Bhiwani Ala,,Dhakad Records,Apple,IN,4.2,0.3661580934,17,2d0b2a9e-e42a-4cd7-b5ff-51f659fd17d8
Apple,2023-04-01,INK782200477,,Bhand (feat. Ron Likhari),Miki Malang,,Dhakad Records,Apple,IN,2.4,0.2092331964,17,bc1e7f25-6a9e-4187-abc9-568a1f9bb18b
Apple,2023-04-01,INK782201337,,Cctv,Senu Bhiwani Ala  Sahil Frain Ala,,Dhakad Records,Apple,IN,0.6,0.0523082988,17,fb437f1c-a03a-4bf6-aeee-b47438a12c19
Apple,2023-04-01,INK782200025,,Splendor (feat. Sahil Frain Ala),Senu Bhiwani Ala,,Dhakad Records,Apple,IN,10.2,0.9729448896,17,9e3c0d97-d7d3-45e7-af4d-61559d5e1fe8
Apple,2023-04-01,INK782200477,,Bhand (feat. Ron Likhari),Miki Malang,,Dhakad Records,Apple,IN,10.2,0.9729448896,17,367730f2-eca2-4d52-9ab0-f74e8e1b0df3
Apple,2023-04-01,INK782200477,,Bhand (feat. Ron Likhari),Miki Malang,,Dhakad Records,Apple,IN,1.8,0.1716961572,17,dea59c26-107d-4f57-8cea-f9ab34325027
Apple,2023-04-01,INK782200732,,Pehla Tanki Kari Full,Senu Bhiwani Ala  Sahil Frain Ala,,Dhakad Records,Apple,IN,0.6,0.0572320524,17,57d8a3a2-df8b-434f-8abd-10deb906fcc7
Apple,2023-04-01,INK782201337,,Cctv,Senu Bhiwani Ala  Sahil Frain Ala,,Dhakad Records,Apple,IN,0.6,0.0572320524,17,a64a0dfd-38c2-4458-be6f-2fa0276a2508
Apple,2023-04-01,INK782200025,,Splendor (feat. Sahil Frain Ala),Senu Bhiwani Ala,,Dhakad Records,Apple,IN,7.8,0.7475786868,17,af1f4215-7d14-4f64-90e9-269873d53da4
Apple,2023-04-01,INK782200025,,Splendor (feat. Sahil Frain Ala),Senu Bhiwani Ala,,Dhakad Records,Apple,IN,77.4,7.418280816,17,6d173366-1d67-4a80-aff6-ba48562a06c9
Apple,2023-04-01,INK782200041,,Gundagardi,Hitesh Kagra,,Dhakad Records,Apple,IN,0.6,0.0575060526,17,f26a50c4-8f31-42b9-a0e4-a35caf769ca3
Apple,2023-04-01,INK782200477,,Bhand (feat. Ron Likhari),Miki Malang,,Dhakad Records,Apple,IN,84.0,8.050847394,17,69ee2865-d764-4749-b365-b7bdc00ea4a4
Apple,2023-04-01,INK782200477,,Bhand (feat. Ron Likhari),Miki Malang,,Dhakad Records,Apple,IN,0.6,0.0575060526,17,48cde789-d659-4624-af13-f697baa2640c
Apple,2023-04-01,INK782200490,,VISHKANYA (feat. Babbal Ramrai Ala   Jatin Sain),Sahil Frain Ala,,Dhakad Records,Apple,IN,1.8,0.1725181584,17,28917ff0-2cfa-4842-be22-6d947db9ab8a
Apple,2023-04-01,INK782201337,,Cctv,Senu Bhiwani Ala  Sahil Frain Ala,,Dhakad Records,Apple,IN,9.6,0.9200968452,17,2f1a30b9-74c2-4108-b226-1da01f46267b
Apple,2023-04-01,INK782201337,,Cctv,Senu Bhiwani Ala  Sahil Frain Ala,,Dhakad Records,Apple,IN,10.8,1.035108951,17,49d50539-4850-437e-abdd-07aa116fecfd
Apple,2023-04-01,INK782200025,,Splendor (feat. Sahil Frain Ala),Senu Bhiwani Ala,,Dhakad Records,Apple,IN,1.8,0.1738989972,17,8db50d3a-e19e-4f2c-8483-c5e35ab63fdd
Apple,2023-04-01,INK782200025,,Splendor (feat. Sahil Frain Ala),Senu Bhiwani Ala,,Dhakad Records,Apple,IN,36.0,3.4779799458,17,47647392-adf9-4198-81cf-0c0ab1ae76ca
Apple,2023-04-01,INK782200477,,Bhand (feat. Ron Likhari),Miki Malang,,Dhakad Records,Apple,IN,54.0,5.2169699184,17,0e66519f-37e5-46db-a132-c03054c11d70
Apple,2023-04-01,INK782200477,,Bhand (feat. Ron Likhari),Miki Malang,,Dhakad Records,Apple,IN,1.2,0.1159326648,17,9cba1a9d-47be-4c5f-8a76-3b915452a31e
Apple,2023-04-01,INK782200490,,VISHKANYA (feat. Babbal Ramrai Ala   Jatin Sain),Sahil Frain Ala,,Dhakad Records,Apple,IN,2.4,0.2318653296,17,83c1fc18-bc4f-466e-82ed-9967e1c61fbe
Apple,2023-04-01,INK782200732,,Pehla Tanki Kari Full,Senu Bhiwani Ala  Sahil Frain Ala,,Dhakad Records,Apple,IN,3.0,0.289831662,17,fea04f43-1aa6-4e8d-9c76-4add0a174567
Apple,2023-04-01,INK782200924,,Level Up (feat. R Jay),Sahil Frain Ala,,Dhakad Records,Apple,IN,1.2,0.1159326648,17,201157b1-7cb3-4319-b924-c9dcbee6b623
Apple,2023-04-01,INK782201152,,Theke Bharose (feat. Sahil Frain Ala),Baggi Daulatpuria,,Dhakad Records,Apple,IN,1.2,0.1159326648,17,f500e7b4-b766-48f5-9594-ffcb8134d622
Apple,2023-04-01,INK782201337,,Cctv,Senu Bhiwani Ala  Sahil Frain Ala,,Dhakad Records,Apple,IN,22.8,2.2027206324,17,435395a0-d6c7-4904-a7fc-94736c5e66c6
Apple,2023-04-01,INK782200025,,Splendor (feat. Sahil Frain Ala),Senu Bhiwani Ala,,Dhakad Records,Apple,IN,4.8,0.5786849724,17,63eaf83f-761b-4e5c-b0c9-186a9fa3c1c6
Apple,2023-04-01,INK782200477,,Bhand (feat. Ron Likhari),Miki Malang,,Dhakad Records,Apple,IN,6.6,0.7956918366,17,63bb4104-714a-437b-b1e0-662772e8027c
Apple,2023-04-01,INK782200025,,Splendor (feat. Sahil Frain Ala),Senu Bhiwani Ala,,Dhakad Records,Apple,US,0.6,0.11526165,17,3d5e95c3-37c5-406b-8bd2-aac559f15753
Apple,2023-04-01,INK782200585,,Shree Krishna Govind,Dinesh Thukran,,DT In Mood,Apple,IN,1.2,0.0469949592,1,480469f7-a83f-4827-9b04-b45969f36c14
Apple,2023-04-01,INK782200585,,Shree Krishna Govind,Dinesh Thukran,,DT In Mood,Apple,MU,1.8,0.6351327654,1,9239c7fc-73e9-410c-b418-ce9308cdac65
Apple,2023-04-01,INK782201330,,Happy Birthday Yaara,Amit Pandit,,F O Amit Pandit,Apple,CA,0.6,0.1608771378,96,65d6183b-8340-4988-8cf2-143c1fd1e4c9
Apple,2023-04-01,INK782200856,,Chandigarh,Harry Dhaliwal,,Harry Dhaliwal Music,Apple,IN,0.6,0.0575060526,39,c26678b6-9b7c-45b8-be83-efae0f5b9a01
Apple,2023-04-01,INK782200436,,Na Samajh (Featuring. Rawat) (feat. Rawat),Christ.,,HighHill Records,Apple,US,0.6,0.1316265048,45,ae3cb656-8b7d-4173-85dd-4dd96605dabe
Apple,2023-04-01,INK782200535,,High Main Bhai,Kaaj,,HR Stuff Music,Apple,CA,0.6,0.1300807458,37,0a513f0e-7816-4c09-aefd-ee86a0dd8376
Apple,2023-04-01,INK782200535,,High Main Bhai,Kaaj,,HR Stuff Music,Apple,CA,0.6,0.3037278732,37,db35eab6-c635-4026-8a9a-f15cd86ec810
Apple,2023-04-01,INK782200894,,Hisar Ka,PSL,,HR Stuff Music,Apple,IN,14.4,0.5639395128,37,335a0e5b-9c4c-4354-bf60-b167416c15e8
Apple,2023-04-01,INK782200423,,Shiv Rudrashtakam,Rahul Hisariya,,HR Stuff Music,Apple,IN,0.6,0.0326478588,37,f1cb47e8-c2bf-45c3-a4d4-cc6018e00ed5
Apple,2023-04-01,INK782200796,,Khatu Aale (khatu Shyam Bhajan),Rahul Hisariya,,HR Stuff Music,Apple,IN,0.6,0.0482581482,37,6f069155-fe3c-45aa-af4f-19e2b2946bcb
Apple,2023-04-01,INK782200423,,Shiv Rudrashtakam,Rahul Hisariya,,HR Stuff Music,Apple,IN,0.6,0.0523082988,37,3f490f4a-7df0-4a0b-8a77-445bacb161da
Apple,2023-04-01,INK782200401,,Shiv Shiv Shiv Shambhu,Rahul Hisariya  K.deep,,HR Stuff Music,Apple,IN,2.4,0.2300242116,37,6798e816-c89f-451d-acba-f61193f99bc4
Apple,2023-04-01,INK782200423,,Shiv Rudrashtakam,Rahul Hisariya,,HR Stuff Music,Apple,IN,3.0,0.2875302642,37,4a2ed327-2332-4a5e-acb8-f5446c90a037
Apple,2023-04-01,INK782200536,,Meethi Meethi Baatan,Rahul Hisariya,,HR Stuff Music,Apple,IN,0.6,0.0575060526,37,d7f649f1-cd2d-459f-9258-81f7c3dfc78c
Apple,2023-04-01,INK782200796,,Khatu Aale (khatu Shyam Bhajan),Rahul Hisariya,,HR Stuff Music,Apple,IN,0.6,0.0575060526,37,d948ac7b-3fe0-46cb-8b66-6ca9342c5925
Apple,2023-04-01,INK782200796,,Khatu Aale (khatu Shyam Bhajan),Rahul Hisariya,,HR Stuff Music,Apple,US,0.6,0.11526165,37,4503a791-27b5-465c-a0b8-567e6be459b3
Apple,2023-04-01,INK782200535,,High Main Bhai,Kaaj,,HR Stuff Music,Apple,US,0.6,0.2426716248,37,a65957fd-62fc-4012-ba9e-f1ca00e732f8
Apple,2023-04-01,INK782200796,,Khatu Aale (khatu Shyam Bhajan),Rahul Hisariya,,HR Stuff Music,Apple,US,3.6,1.4560297482,37,a5549ad0-d31b-4784-bbce-08ad34189f1c
Apple,2023-04-01,INK782201385,,Neet Neet Peg,Meet Amit,,INK Records,Apple,IN,1.8,0.1738989972,18,a684777d-184f-484a-b351-bdb39a0e5c63
Apple,2023-04-01,INK782300186,,Blur,Sahil Nidawli,,Iomupadhyay,Apple,IN,1.8,0.0979435758,114,80969df7-e1c3-4d32-ad8f-3e816489c9b6
Apple,2023-04-01,INK782201570,,Reggaeton Type Beat,Jatin Saroha,,Jatin Saroha,Apple,JP,0.6,0.0960898038,103,5672c5f2-d10e-40d9-9357-606fdbfb0cdc
Apple,2023-04-01,INK782300011,,Bhai Ka Byah,Rahul Puthi,,Jems Entertainments,Apple,CA,0.6,0.3037278732,70,1714bde6-694c-4349-b83b-9b810b7d455d
Apple,2023-04-01,INK782200218,,Gamma Ale Yaar,Rohit Kailashpuriya,,Kartik Soni Productions,Apple,AU,0.6,0.2178867144,10,bad1f851-6a3f-47a1-85b3-18056cac41d6
Apple,2023-04-01,INK782200248,,Syl Reply and Truth,Kartik Soni,,Kartik Soni Productions,Apple,CA,0.6,0.1690091172,10,0709e9aa-2638-4123-829d-229bdf1a8747
Apple,2023-04-01,INK782200462,,DAKU (feat. Nitin Verma Mulodi),Chaman Prajapati,,Kartik Soni Productions,Apple,IN,0.6,0.0579663324,10,f3183333-5757-46ae-bdfa-71ec9faa696a
Apple,2023-04-01,INK782200839,,Legend Hanuman,Kartik Soni,,Kartik Soni Productions,Apple,US,0.6,0.1324226328,10,a727e365-d2bf-448a-9ed5-7ccd8e08a3b4
Apple,2023-04-01,INK782201463,,Sipahi Billo (feat. Anjali Raghav),Jonga,,Link Music Haryanvi,Apple,AU,1.2,0.2553279792,34,8f632f1c-2f62-4cd5-af71-deb7c84c5b52
Apple,2023-04-01,INK782201577,,Budget,Muskan Lohan  Aakash saini,,Link Music Haryanvi,Apple,AU,1.2,0.2553279792,34,40ba1065-0ba3-4b6c-b4b4-e25a002ed416
Apple,2023-04-01,INK782201463,,Sipahi Billo (feat. Anjali Raghav),Jonga,,Link Music Haryanvi,Apple,AU,13.8,5.01139443,34,f1b1c310-c286-4713-9c54-95309381e319
Apple,2023-04-01,INK782201463,,Sipahi Billo (feat. Anjali Raghav),Jonga,,Link Music Haryanvi,Apple,AU,4.2,2.3873585718,34,479df523-3996-47f4-b7ae-63ea6d0896a8
Apple,2023-04-01,INK782201577,,Budget,Muskan Lohan  Aakash saini,,Link Music Haryanvi,Apple,AU,1.2,0.682102449,34,7f41f21a-9874-49c1-9c6a-5aca8127dd23
Apple,2023-04-01,INK782201463,,Sipahi Billo (feat. Anjali Raghav),Jonga,,Link Music Haryanvi,Apple,CA,5.4,1.1707267098,34,9879a197-12d7-4fbd-86a5-4350532f0454
Apple,2023-04-01,INK782201463,,Sipahi Billo (feat. Anjali Raghav),Jonga,,Link Music Haryanvi,Apple,CA,0.6,0.1608771378,34,85888201-38fa-4b57-addb-28fe28dd3502
Apple,2023-04-01,INK782201463,,Sipahi Billo (feat. Anjali Raghav),Jonga,,Link Music Haryanvi,Apple,CA,1.8,0.507027351,34,87854e4a-c0fd-4b6b-81b7-c08c987fdc7d
Apple,2023-04-01,INK782201577,,Budget,Muskan Lohan  Aakash saini,,Link Music Haryanvi,Apple,CA,0.6,0.1690091172,34,1087e237-a8a6-454f-b709-e3e899773ac8
Apple,2023-04-01,INK782201463,,Sipahi Billo (feat. Anjali Raghav),Jonga,,Link Music Haryanvi,Apple,CA,1.8,0.6393034218,34,f0068717-d0ac-453f-900c-1013d7707bd6
Apple,2023-04-01,INK782201463,,Sipahi Billo (feat. Anjali Raghav),Jonga,,Link Music Haryanvi,Apple,CA,0.6,0.2260875708,34,8e268b39-f07b-478e-ad63-3b87fe9dfd69
Apple,2023-04-01,INK782201463,,Sipahi Billo (feat. Anjali Raghav),Jonga,,Link Music Haryanvi,Apple,CA,17.4,8.80810833,34,9d79d8e6-6b19-4518-8678-0691b35d90df
Apple,2023-04-01,INK782201463,,Sipahi Billo (feat. Anjali Raghav),Jonga,,Link Music Haryanvi,Apple,CA,0.6,0.3144880584,34,cc8dc9f5-4e3b-439a-a8b2-c8a12e45dd04
Apple,2023-04-01,INK782201577,,Budget,Muskan Lohan  Aakash saini,,Link Music Haryanvi,Apple,CA,0.6,0.3144880584,34,6df51c7e-19ad-459e-9b53-91b8d72756bd
Apple,2023-04-01,INK782201463,,Sipahi Billo (feat. Anjali Raghav),Jonga,,Link Music Haryanvi,Apple,IE,1.2,0.3660116916,34,5d8561d7-61f1-4568-8194-e4d56959c5ce
Apple,2023-04-01,INK782201463,,Sipahi Billo (feat. Anjali Raghav),Jonga,,Link Music Haryanvi,Apple,DE,0.6,0.258175407,34,20cce0eb-3d10-40d2-84cc-588f7ee45431
Apple,2023-04-01,INK782201463,,Sipahi Billo (feat. Anjali Raghav),Jonga,,Link Music Haryanvi,Apple,PT,0.6,0.3279305934,34,d41574b6-936c-42b9-9580-329dbde4b3a7
Apple,2023-04-01,INK782201463,,Sipahi Billo (feat. Anjali Raghav),Jonga,,Link Music Haryanvi,Apple,DE,1.2,0.9102465318,34,764ed275-be71-408a-ace9-2f89b3e182b6
Apple,2023-04-01,INK782200272,,Teri Meri Jodi,R. Deep,,Link Music Haryanvi,Apple,GB,0.6,0.5958716316,34,30a21a09-dac3-4458-ad02-344d8a2050a1
Apple,2023-04-01,INK782201463,,Sipahi Billo (feat. Anjali Raghav),Jonga,,Link Music Haryanvi,Apple,IN,1.2,0.0128579004,34,9b9ed65c-48cf-46bb-b789-2234b58aa68e
Apple,2023-04-01,INK782201463,,Sipahi Billo (feat. Anjali Raghav),Jonga,,Link Music Haryanvi,Apple,IN,1.8,0.0704924394,34,cb1d2e64-1d1e-4b75-871a-88c01a142f97
Apple,2023-04-01,INK782201463,,Sipahi Billo (feat. Anjali Raghav),Jonga,,Link Music Haryanvi,Apple,IN,45.0,1.7623109778,34,86c9daf6-698d-40d6-bf1d-fa1fe205d1d6
Apple,2023-04-01,INK782201577,,Budget,Muskan Lohan  Aakash saini,,Link Music Haryanvi,Apple,IN,3.0,0.1174873986,34,ad7607ca-57b0-47b0-b58d-4f78acc4a5ea
Apple,2023-04-01,INK782201463,,Sipahi Billo (feat. Anjali Raghav),Jonga,,Link Music Haryanvi,Apple,IN,2.4,0.1305914346,34,6f335af3-f324-4520-844c-3bdd8dc5ad5e
Apple,2023-04-01,INK782201463,,Sipahi Billo (feat. Anjali Raghav),Jonga,,Link Music Haryanvi,Apple,IN,67.2,3.6565601724,34,31def04b-9449-4719-82c3-5699abd65351
Apple,2023-04-01,INK782201600,,Gundagardi,Gurnain  Bunty King Haryana,,Link Music Haryanvi,Apple,IN,1.2,0.0652957176,34,d98ddc48-8b0c-4cbd-9507-d60640df0763
Apple,2023-04-01,INK782201463,,Sipahi Billo (feat. Anjali Raghav),Jonga,,Link Music Haryanvi,Apple,IN,1.8,0.1081512564,34,6507c023-ded2-41e5-acd9-4cd4cc30b169
Apple,2023-04-01,INK782201463,,Sipahi Billo (feat. Anjali Raghav),Jonga,,Link Music Haryanvi,Apple,IN,42.0,3.378070377,34,b2bdb08a-7252-4289-9bf7-e04297448c62
Apple,2023-04-01,INK782201463,,Sipahi Billo (feat. Anjali Raghav),Jonga,,Link Music Haryanvi,Apple,IN,12.6,1.0984742808,34,4695840f-86d8-4d25-81df-e508fbcb935b
Apple,2023-04-01,INK782201463,,Sipahi Billo (feat. Anjali Raghav),Jonga,,Link Music Haryanvi,Apple,IN,15.0,1.4308013076,34,c11f8abd-dfd9-414d-91a2-aa8204b50f0a
Apple,2023-04-01,INK782200373,,Ek Mulakat (feat. Mohit Sharma & Vandna),Shooda AlaAS),,Link Music Haryanvi,Apple,IN,0.6,0.0575060526,34,a447b662-67a2-47a2-9279-099e5904fefc
Apple,2023-04-01,INK782200074,,It's Ok,Harsh Mudgil,,Link Music Haryanvi,Apple,IN,1.8,0.1725181584,34,c3056361-c2c3-41ed-937c-c6fcb9c82cbe
Apple,2023-04-01,INK782200498,,????? ???? ?? ?????? ?????? ????,Pooja Diwakar,,Link Music Haryanvi,Apple,IN,0.6,0.0575060526,34,c795260a-eba4-4303-a7ef-163d62afcaa3
Apple,2023-04-01,INK782201463,,Sipahi Billo (feat. Anjali Raghav),Jonga,,Link Music Haryanvi,Apple,IN,21.6,2.070217902,34,4bf3504b-a2df-4ef7-b809-46f86f0ab39b
Apple,2023-04-01,INK782201577,,Budget,Muskan Lohan  Aakash saini,,Link Music Haryanvi,Apple,IN,9.6,0.9200968452,34,2f9dacfd-f007-44dc-9214-16b75e4bb729
Apple,2023-04-01,INK782201463,,Sipahi Billo (feat. Anjali Raghav),Jonga,,Link Music Haryanvi,Apple,IN,12.6,1.217292981,34,3a9284b5-2cb6-4fb8-8120-7fd013309885
Apple,2023-04-01,INK782201463,,Sipahi Billo (feat. Anjali Raghav),Jonga,,Link Music Haryanvi,Apple,IN,128.4,12.404795142,34,e9b99fe1-456d-4f4b-9c5b-e3ee9e4d3507
Apple,2023-04-01,INK782201577,,Budget,Muskan Lohan  Aakash saini,,Link Music Haryanvi,Apple,IN,1.8,0.1738989972,34,438c48ee-afd0-4cd7-bdf8-639ba00af482
Apple,2023-04-01,INK782201463,,Sipahi Billo (feat. Anjali Raghav),Jonga,,Link Music Haryanvi,Apple,IN,37.2,4.484808534,34,db39655b-f802-4e7d-855a-28e218ca3467
Apple,2023-04-01,INK782201577,,Budget,Muskan Lohan  Aakash saini,,Link Music Haryanvi,Apple,IN,0.6,0.0723356214,34,2872cfb3-8d3f-4f70-aece-9fdfffdf8b4f
Apple,2023-04-01,INK782201600,,Gundagardi,Gurnain  Bunty King Haryana,,Link Music Haryanvi,Apple,MX,0.6,0.095574246,34,ac5fc5d5-230d-4555-bc88-372653b90b27
Apple,2023-04-01,INK782201463,,Sipahi Billo (feat. Anjali Raghav),Jonga,,Link Music Haryanvi,Apple,SG,0.6,0.463213071,34,90f86cb9-3167-4db3-b62a-f6f399b63dcb
Apple,2023-04-01,INK782201600,,Gundagardi,Gurnain  Bunty King Haryana,,Link Music Haryanvi,Apple,UA,0.6,0.1504217472,34,ebc9c1af-073e-484e-a92d-2c0e923b632b
Apple,2023-04-01,INK782201463,,Sipahi Billo (feat. Anjali Raghav),Jonga,,Link Music Haryanvi,Apple,US,0.6,0.11526165,34,d8e98e14-51b5-4774-9905-c7af3bd61184
Apple,2023-04-01,INK782201577,,Budget,Muskan Lohan  Aakash saini,,Link Music Haryanvi,Apple,US,0.6,0.1316265048,34,e4618508-bb74-465f-8dd9-dcf40bdb6fbe
Apple,2023-04-01,INK782201463,,Sipahi Billo (feat. Anjali Raghav),Jonga,,Link Music Haryanvi,Apple,US,3.0,0.7448220216,34,5fecc5d9-2128-4ea3-b645-45485ec8b775
Apple,2023-04-01,INK782200072,,Shooter,Iqbal Sandhu,,Link Music Haryanvi,Apple,US,1.2,0.4853432496,34,1bb3a56a-a13b-4586-9a60-2bad07080d98
Apple,2023-04-01,INK782201463,,Sipahi Billo (feat. Anjali Raghav),Jonga,,Link Music Haryanvi,Apple,US,1.2,0.4853432496,34,4bdbc3a6-5013-4ed8-ada6-afefb2b3d8b1
Apple,2023-04-01,INK782201654,,Takdeer,Sandeep Matnora  Gyaninder Sardhana,,Matnora Wala Official,Apple,GB,0.6,0.259721574,59,e4b1528e-6b57-4a05-81f4-bdc32a220b7e
Apple,2023-04-01,INK782300114,,Dekh Aakhbaar,Harendra Nagar,,Matnora Wala Official,Apple,IN,0.6,0.0234974796,59,32e6c1ed-9bbc-4289-8151-6b4a42534ad2
Apple,2023-04-01,INK782300176,,Hukum Ka Ikka,Sandeep Nagar  Gyanender Sardhana,,Matnora Wala Official,Apple,IN,0.6,0.0482581482,59,b9577a69-1728-412a-9e88-b8a372c7bebf
Apple,2023-04-01,INK782300114,,Dekh Aakhbaar,Harendra Nagar,,Matnora Wala Official,Apple,IN,0.6,0.0523082988,59,a6d3910d-3951-4fd8-a690-0fff4e8493ab
Apple,2023-04-01,INK782200738,,Matlab Ka Sansar (feat. Adesh Kallu),Sandeep Matnora  Mahesh Nagar,,Mantora Wala Official,Apple,IN,2.4,0.2300242116,59,263b012f-cf8c-4231-b099-4ec906efabda
Apple,2023-04-01,INK782200738,,Matlab Ka Sansar (feat. Adesh Kallu),Sandeep Matnora  Mahesh Nagar,,Mantora Wala Official,Apple,IN,16.2,1.5650909754,59,c6c8a5bb-6964-4b07-9a25-1b58ad61b05c
Apple,2023-04-01,INK782300114,,Dekh Aakhbaar,Harendra Nagar,,Matnora Wala Official,Apple,IN,0.6,0.0723356214,59,8d07224b-0ff9-45c1-986e-786236c3a665
Apple,2023-04-01,INK782200746,,Kali Car,Sachu Prajapati,,Mavi Haryana,Apple,IN,1.2,0.0652957176,36,034484f4-538b-424c-b1f2-4c4cda1950f5
Apple,2023-04-01,INK782200746,,Kali Car,Sachu Prajapati,,Mavi Haryana,Apple,IN,0.6,0.0482581482,36,e6bdf8a1-6bbf-4de2-be39-9978c05a9d08
Apple,2023-04-01,INK782200746,,Kali Car,Sachu Prajapati,,Mavi Haryana,Apple,IN,1.8,0.1716961572,36,b6fcc59d-d94a-437a-8f6f-8bc3755ea2e5
Apple,2023-04-01,INK782200746,,Kali Car,Sachu Prajapati,,Mavi Haryana,Apple,IN,3.6,0.3450363168,36,3f559556-dd63-4138-b192-f0be501e2634
Apple,2023-04-01,INK782200746,,Kali Car,Sachu Prajapati,,Mavi Haryana,Apple,IN,1.8,0.1738989972,36,d93576ec-5e19-4448-81b7-3106c55d1a52
Apple,2023-04-01,INK782200746,,Kali Car,Sachu Prajapati,,Mavi Haryana,Apple,IN,0.6,0.0624556068,36,1f96d221-0b2c-4cee-8913-7e444914f198
Apple,2023-04-01,INK782201647,,Gujjar Baaghi,M.G. Gujjar,,MG Gujjar,Apple,IN,0.6,0.0326478588,108,42c0f6bc-75c7-4b84-ad5a-9ccd4c1a3b58
Apple,2023-04-01,INK782300130,,Gurjar ka Sikka,Mahesh Nagar,,MG Gujjar,Apple,IN,0.6,0.0326478588,108,a21b13c3-28f6-4b10-8f6d-48216dd68049
Apple,2023-04-01,INK782300130,,Gurjar ka Sikka,Mahesh Nagar,,MG Gujjar,Apple,IN,0.6,0.0426496518,108,885cdf9e-c012-4a25-a158-26675c2ff3ad
Apple,2023-04-01,INK782201647,,Gujjar Baaghi,M.G. Gujjar,,MG Gujjar,Apple,IN,2.4,0.228928209,108,ad4b614c-2be5-443f-b528-537406af77be
Apple,2023-04-01,INK782201647,,Gujjar Baaghi,M.G. Gujjar,,MG Gujjar,Apple,IN,3.0,0.2875302642,108,10a5c1b4-4485-406f-a1ac-949c24caa768
Apple,2023-04-01,INK782300130,,Gurjar ka Sikka,Mahesh Nagar,,MG Gujjar,Apple,IN,0.6,0.0575060526,108,9b2e16d3-c57e-47e6-9ee2-53a00366a186
Apple,2023-04-01,INK782201647,,Gujjar Baaghi,M.G. Gujjar,,MG Gujjar,Apple,IN,1.2,0.1159326648,108,f0ba41dd-be42-4a3e-9d31-fbcce19739c8
Apple,2023-04-01,TCAGF2234045,,Sooraj (feat. Ron likhari),Miki Malang,,Miki Malang,Apple,AU,1.2,0.2553279792,67,921cec91-54c7-4018-ba39-660c4222ab66
Apple,2023-04-01,TCAFY2105869,,Bhyani Te Hisar,Miki Malang  D.N.A Sargna,,Miki Malang,Apple,AU,0.6,0.1276639896,67,10c77dec-d726-4794-9ffc-b5da212ed8a8
Apple,2023-04-01,TCAFT2137100,,Bhand (???) (feat. Ron Likhari),Miki Malang,,Miki Malang,Apple,AU,0.6,0.1276639896,67,73fe91f9-e244-49ff-9c5c-4c33f15cedaf
Apple,2023-04-01,TCAGF2234045,,Sooraj (feat. Ron likhari),Miki Malang,,Miki Malang,Apple,AU,3.0,1.089433572,67,eff30825-08a2-48b7-89f1-7ba3c1b5db79
Apple,2023-04-01,TCAFY2105869,,Bhyani Te Hisar,Miki Malang  D.N.A Sargna,,Miki Malang,Apple,AU,0.6,0.2178867144,67,11d063a2-e25f-4024-85be-94849ec1eb23
Apple,2023-04-01,TCAFT2137100,,Bhand (???) (feat. Ron Likhari),Miki Malang,,Miki Malang,Apple,AU,2.4,0.8715468576,67,2a108bc8-43aa-4e02-a249-67d622c58ee6
Apple,2023-04-01,TCAFT2137100,,Bhand (???) (feat. Ron Likhari),Miki Malang,,Miki Malang,Apple,AU,1.2,0.5970552918,67,6deae89d-fc70-4daf-b10b-2cc6924094e1
Apple,2023-04-01,TCAGF2234045,,Sooraj (feat. Ron likhari),Miki Malang,,Miki Malang,Apple,AU,1.8,1.0231536738,67,983f4d4f-c7a7-44c7-bbbb-726b5d7e1023
Apple,2023-04-01,TCAFY2105869,,Bhyani Te Hisar,Miki Malang  D.N.A Sargna,,Miki Malang,Apple,CA,0.6,0.1300807458,67,1c5d8a6e-a3e3-486d-9c81-ad15d359558e
Apple,2023-04-01,TCAFT2137100,,Bhand (???) (feat. Ron Likhari),Miki Malang,,Miki Malang,Apple,CA,6.6,1.4308882008,67,a9933d68-3083-42d1-b518-99c2e8d67aa9
Apple,2023-04-01,TCAFT2137100,,Bhand (???) (feat. Ron Likhari),Miki Malang,,Miki Malang,Apple,CA,3.0,0.704668455,67,e111f4f7-b029-40b0-b31b-f5ea006295a5
Apple,2023-04-01,TCAFT2137100,,Bhand (???) (feat. Ron Likhari),Miki Malang,,Miki Malang,Apple,CA,0.6,0.1478907072,67,c2e8d1a0-77ca-4c57-90b0-d31a65cdb54c
Apple,2023-04-01,TCAFT2137100,,Bhand (???) (feat. Ron Likhari),Miki Malang,,Miki Malang,Apple,CA,0.6,0.1608771378,67,20c6f18d-4a72-4dba-9c41-716c5f2ba75e
Apple,2023-04-01,TCAFT2137100,,Bhand (???) (feat. Ron Likhari),Miki Malang,,Miki Malang,Apple,CA,1.8,0.507027351,67,37f71921-e692-4537-bb6f-1c33c0130b62
Apple,2023-04-01,TCAFT2137100,,Bhand (???) (feat. Ron Likhari),Miki Malang,,Miki Malang,Apple,CA,1.2,0.426202281,67,66ee937c-5023-4950-8f2c-75a850920cc1
Apple,2023-04-01,TCAGF2234045,,Sooraj (feat. Ron likhari),Miki Malang,,Miki Malang,Apple,CA,0.6,0.3037278732,67,cff64659-485d-472f-8824-58288b51c129
Apple,2023-04-01,TCAFY2105869,,Bhyani Te Hisar,Miki Malang  D.N.A Sargna,,Miki Malang,Apple,CA,1.2,0.607455747,67,95ac2a1a-e160-4199-8ad5-68bd37ddaed4
Apple,2023-04-01,TCAFT2137100,,Bhand (???) (feat. Ron Likhari),Miki Malang,,Miki Malang,Apple,CA,3.6,1.8223672404,67,ea02e8a1-b2c8-422d-a847-0cccb325a906
Apple,2023-04-01,TCAFT2137100,,Bhand (???) (feat. Ron Likhari),Miki Malang,,Miki Malang,Apple,GB,1.2,0.8609520438,67,2a656116-22ca-40cf-b03e-73bccd0a771a
Apple,2023-04-01,TCAFT2137100,,Bhand (???) (feat. Ron Likhari),Miki Malang,,Miki Malang,Apple,GB,0.6,0.7954493472,67,bd5dc64b-726f-4b8a-8e3c-1ccee9a4e011
Apple,2023-04-01,TCAGF2234045,,Sooraj (feat. Ron likhari),Miki Malang,,Miki Malang,Apple,IN,0.6,0.0234974796,67,1cc612ec-e828-46f0-a153-8e2739cde045
Apple,2023-04-01,TCAFT2137100,,Bhand (???) (feat. Ron Likhari),Miki Malang,,Miki Malang,Apple,IN,1.8,0.0704924394,67,6208ccc2-4bd7-409f-8574-27c67c9b9eb9
Apple,2023-04-01,TCAFY2105869,,Bhyani Te Hisar,Miki Malang  D.N.A Sargna,,Miki Malang,Apple,IN,0.6,0.0326478588,67,00f93d4c-1b73-4347-8081-92a6dd343820
Apple,2023-04-01,TCAFT2137100,,Bhand (???) (feat. Ron Likhari),Miki Malang,,Miki Malang,Apple,IN,11.4,0.6203093148,67,74ec735b-6ab4-4991-b120-59f3446828e9
Apple,2023-04-01,TCAFY2105869,,Bhyani Te Hisar,Miki Malang  D.N.A Sargna,,Miki Malang,Apple,IN,1.2,0.0721008378,67,5d0e1ae4-5d2b-47ca-a524-fc98b227a4be
Apple,2023-04-01,TCAFT2137100,,Bhand (???) (feat. Ron Likhari),Miki Malang,,Miki Malang,Apple,IN,0.6,0.0360504186,67,e178aedf-0697-44ba-abec-0147265fc496
Apple,2023-04-01,TCAFT2137100,,Bhand (???) (feat. Ron Likhari),Miki Malang,,Miki Malang,Apple,IN,0.6,0.0426496518,67,081239d6-098d-498f-84d8-603d08bba713
Apple,2023-04-01,TCAGF2234045,,Sooraj (feat. Ron likhari),Miki Malang,,Miki Malang,Apple,IN,0.6,0.0482581482,67,d3319c1a-d750-4726-b402-10ac199e79d4
Apple,2023-04-01,TCAFT2137100,,Bhand (???) (feat. Ron Likhari),Miki Malang,,Miki Malang,Apple,IN,3.0,0.241290741,67,bccc4109-48fd-4e30-bd1b-a127adce7eec
Apple,2023-04-01,TCAGF2234045,,Sooraj (feat. Ron likhari),Miki Malang,,Miki Malang,Apple,IN,1.2,0.1144641048,67,64daf077-f579-4feb-adfb-8027b88e3d5a
Apple,2023-04-01,TCAFY2105869,,Bhyani Te Hisar,Miki Malang  D.N.A Sargna,,Miki Malang,Apple,IN,1.8,0.1716961572,67,b317740b-c500-4599-9fd7-2a3e094ce017
Apple,2023-04-01,TCAFT2137100,,Bhand (???) (feat. Ron Likhari),Miki Malang,,Miki Malang,Apple,IN,1.2,0.1144641048,67,8f56e236-3307-43e9-adef-db540fbef3bc
Apple,2023-04-01,TCAGF2234045,,Sooraj (feat. Ron likhari),Miki Malang,,Miki Malang,Apple,IN,2.4,0.2300242116,67,50b4f9c6-8bd0-4489-b046-183bf7a7fa6b
Apple,2023-04-01,TCAFY2105869,,Bhyani Te Hisar,Miki Malang  D.N.A Sargna,,Miki Malang,Apple,IN,5.4,0.5175544758,67,210518ca-3c6a-4ebc-8d1f-b501cc3ad98a
Apple,2023-04-01,TCAFT2137100,,Bhand (???) (feat. Ron Likhari),Miki Malang,,Miki Malang,Apple,IN,15.0,1.437651321,67,dab9783c-e6f0-4a9e-bc35-8268a50a8d43
Apple,2023-04-01,TCAFY2105869,,Bhyani Te Hisar,Miki Malang  D.N.A Sargna,,Miki Malang,Apple,IN,3.0,0.289831662,67,355ba7fd-bb4c-43dc-ac18-a551eff91b00
Apple,2023-04-01,TCAFT2137100,,Bhand (???) (feat. Ron Likhari),Miki Malang,,Miki Malang,Apple,IN,9.0,0.8694949866,67,49d0dcdb-72c7-4816-86b9-5d5869534dfd
Apple,2023-04-01,TCAFT2137100,,Bhand (???) (feat. Ron Likhari),Miki Malang,,Miki Malang,Apple,IN,0.6,0.0624556068,67,0ea526b9-d5c5-4461-96b5-47eebfe0280f
Apple,2023-04-01,TCAFY2105869,,Bhyani Te Hisar,Miki Malang  D.N.A Sargna,,Miki Malang,Apple,IN,0.6,0.0723356214,67,82d3d9a0-3e43-48ac-957b-1e5f3ccfa80d
Apple,2023-04-01,TCAFY2105869,,Bhyani Te Hisar,Miki Malang  D.N.A Sargna,,Miki Malang,Apple,IN,0.6,0.0723356214,67,5fb4b6d7-2308-4aa5-bd09-02d5c63bfa23
